Method,Model,Case,N,entropy_increase,accuracy_drop
Deepfakes,resnet18,correct_real,390,-0.029606,0.36250000000000004
Deepfakes,resnet18,correct_fake,376,0.090588,0.36250000000000004
Deepfakes,resnet18,false_positive,10,0.164037,0.36250000000000004
Deepfakes,resnet18,false_negative,24,-0.045204,0.36250000000000004
Deepfakes,resnet50,correct_real,386,0.05937,0.39749999999999996
Deepfakes,resnet50,correct_fake,376,-0.111996,0.39749999999999996
Deepfakes,resnet50,false_positive,14,0.04125,0.39749999999999996
Deepfakes,resnet50,false_negative,24,0.154138,0.39749999999999996
Deepfakes,xception,correct_real,385,0.013026,0.1987500000000001
Deepfakes,xception,correct_fake,355,0.040132,0.1987500000000001
Deepfakes,xception,false_positive,15,0.250339,0.1987500000000001
Deepfakes,xception,false_negative,45,-0.079712,0.1987500000000001
Deepfakes,efficientnet_b0,correct_real,337,0.015636,0.18999999999999995
Deepfakes,efficientnet_b0,correct_fake,319,0.084057,0.18999999999999995
Deepfakes,efficientnet_b0,false_positive,63,0.181561,0.18999999999999995
Deepfakes,efficientnet_b0,false_negative,81,0.107239,0.18999999999999995
Deepfakes,mobilenetv2,correct_real,382,0.117815,0.4375
Deepfakes,mobilenetv2,correct_fake,373,0.393706,0.4375
Deepfakes,mobilenetv2,false_positive,18,0.391933,0.4375
Deepfakes,mobilenetv2,false_negative,27,0.161677,0.4375
Deepfakes,mesonet,correct_real,300,0.005745,0.008750000000000036
Deepfakes,mesonet,correct_fake,278,0.027349,0.008750000000000036
Deepfakes,mesonet,false_positive,100,-0.055254,0.008750000000000036
Deepfakes,mesonet,false_negative,122,-0.001405,0.008750000000000036
Deepfakes,vit,correct_real,395,-0.086951,0.03874999999999995
Deepfakes,vit,correct_fake,380,0.110024,0.03874999999999995
Deepfakes,vit,false_positive,5,0.002813,0.03874999999999995
Deepfakes,vit,false_negative,20,-0.169658,0.03874999999999995
Face2Face,resnet18,correct_real,370,0.024907,0.37875000000000003
Face2Face,resnet18,correct_fake,368,-0.155474,0.37875000000000003
Face2Face,resnet18,false_positive,30,0.009376,0.37875000000000003
Face2Face,resnet18,false_negative,32,0.083972,0.37875000000000003
Face2Face,resnet50,correct_real,387,0.033853,0.40625
Face2Face,resnet50,correct_fake,345,0.11286,0.40625
Face2Face,resnet50,false_positive,13,0.048759,0.40625
Face2Face,resnet50,false_negative,55,-0.071847,0.40625
Face2Face,xception,correct_real,360,-0.004699,0.24249999999999994
Face2Face,xception,correct_fake,362,0.106495,0.24249999999999994
Face2Face,xception,false_positive,40,0.299631,0.24249999999999994
Face2Face,xception,false_negative,38,-0.069438,0.24249999999999994
Face2Face,efficientnet_b0,correct_real,274,-0.019582,0.14625
Face2Face,efficientnet_b0,correct_fake,292,-0.05748,0.14625
Face2Face,efficientnet_b0,false_positive,126,-0.020621,0.14625
Face2Face,efficientnet_b0,false_negative,108,0.008113,0.14625
Face2Face,mobilenetv2,correct_real,356,0.115093,0.39249999999999996
Face2Face,mobilenetv2,correct_fake,358,0.274282,0.39249999999999996
Face2Face,mobilenetv2,false_positive,44,0.320978,0.39249999999999996
Face2Face,mobilenetv2,false_negative,42,0.118327,0.39249999999999996
Face2Face,mesonet,correct_real,234,0.040364,0.007500000000000062
Face2Face,mesonet,correct_fake,227,0.055196,0.007500000000000062
Face2Face,mesonet,false_positive,166,0.114383,0.007500000000000062
Face2Face,mesonet,false_negative,173,0.034014,0.007500000000000062
Face2Face,vit,correct_real,377,-0.268623,0.18874999999999997
Face2Face,vit,correct_fake,372,0.772276,0.18874999999999997
Face2Face,vit,false_positive,23,0.363452,0.18874999999999997
Face2Face,vit,false_negative,28,-0.240927,0.18874999999999997
FaceShifter,resnet18,correct_real,352,-0.118726,0.13874999999999993
FaceShifter,resnet18,correct_fake,391,-0.125519,0.13874999999999993
FaceShifter,resnet18,false_positive,48,-0.12296,0.13874999999999993
FaceShifter,resnet18,false_negative,9,-0.103227,0.13874999999999993
FaceShifter,resnet50,correct_real,378,0.019813,0.24249999999999994
FaceShifter,resnet50,correct_fake,386,0.067114,0.24249999999999994
FaceShifter,resnet50,false_positive,22,-0.034048,0.24249999999999994
FaceShifter,resnet50,false_negative,14,-0.051769,0.24249999999999994
FaceShifter,xception,correct_real,357,0.007004,0.15125
FaceShifter,xception,correct_fake,382,0.032524,0.15125
FaceShifter,xception,false_positive,43,0.028466,0.15125
FaceShifter,xception,false_negative,18,-0.007227,0.15125
FaceShifter,efficientnet_b0,correct_real,317,0.00893,0.14249999999999996
FaceShifter,efficientnet_b0,correct_fake,321,-0.070896,0.14249999999999996
FaceShifter,efficientnet_b0,false_positive,83,-0.002831,0.14249999999999996
FaceShifter,efficientnet_b0,false_negative,79,0.130683,0.14249999999999996
FaceShifter,mobilenetv2,correct_real,378,-0.091905,0.13124999999999998
FaceShifter,mobilenetv2,correct_fake,379,-0.084357,0.13124999999999998
FaceShifter,mobilenetv2,false_positive,22,0.017835,0.13124999999999998
FaceShifter,mobilenetv2,false_negative,21,-0.076139,0.13124999999999998
FaceShifter,mesonet,correct_real,281,-0.133042,0.053749999999999964
FaceShifter,mesonet,correct_fake,302,0.004974,0.053749999999999964
FaceShifter,mesonet,false_positive,119,0.130098,0.053749999999999964
FaceShifter,mesonet,false_negative,98,-0.079962,0.053749999999999964
FaceShifter,vit,correct_real,394,0.655917,0.07374999999999998
FaceShifter,vit,correct_fake,386,0.073814,0.07374999999999998
FaceShifter,vit,false_positive,6,-0.163739,0.07374999999999998
FaceShifter,vit,false_negative,14,-0.038853,0.07374999999999998
FaceSwap,resnet18,correct_real,392,0.016876,0.3025000000000001
FaceSwap,resnet18,correct_fake,352,0.093416,0.3025000000000001
FaceSwap,resnet18,false_positive,8,0.474244,0.3025000000000001
FaceSwap,resnet18,false_negative,48,0.213079,0.3025000000000001
FaceSwap,resnet50,correct_real,387,0.074186,0.26750000000000007
FaceSwap,resnet50,correct_fake,358,0.094235,0.26750000000000007
FaceSwap,resnet50,false_positive,13,0.224395,0.26750000000000007
FaceSwap,resnet50,false_negative,42,0.138162,0.26750000000000007
FaceSwap,xception,correct_real,377,0.048942,0.16875000000000007
FaceSwap,xception,correct_fake,342,-0.090711,0.16875000000000007
FaceSwap,xception,false_positive,23,-0.192612,0.16875000000000007
FaceSwap,xception,false_negative,58,0.018547,0.16875000000000007
FaceSwap,efficientnet_b0,correct_real,293,0.025091,0.15749999999999997
FaceSwap,efficientnet_b0,correct_fake,284,-0.065381,0.15749999999999997
FaceSwap,efficientnet_b0,false_positive,107,-0.053882,0.15749999999999997
FaceSwap,efficientnet_b0,false_negative,116,0.185476,0.15749999999999997
FaceSwap,mobilenetv2,correct_real,381,0.039713,0.37625
FaceSwap,mobilenetv2,correct_fake,348,0.109016,0.37625
FaceSwap,mobilenetv2,false_positive,19,0.346531,0.37625
FaceSwap,mobilenetv2,false_negative,52,0.217821,0.37625
FaceSwap,mesonet,correct_real,193,0.002077,0.00374999999999992
FaceSwap,mesonet,correct_fake,246,-0.034413,0.00374999999999992
FaceSwap,mesonet,false_positive,207,-0.010317,0.00374999999999992
FaceSwap,mesonet,false_negative,154,0.021876,0.00374999999999992
FaceSwap,vit,correct_real,389,-0.105533,0.07125000000000004
FaceSwap,vit,correct_fake,370,0.024155,0.07125000000000004
FaceSwap,vit,false_positive,11,0.351554,0.07125000000000004
FaceSwap,vit,false_negative,30,-0.109584,0.07125000000000004
NeuralTextures,resnet18,correct_real,345,0.112683,0.35875
NeuralTextures,resnet18,correct_fake,343,-0.216757,0.35875
NeuralTextures,resnet18,false_positive,55,0.033334,0.35875
NeuralTextures,resnet18,false_negative,57,0.120996,0.35875
NeuralTextures,resnet50,correct_real,353,0.062884,0.3650000000000001
NeuralTextures,resnet50,correct_fake,341,0.071348,0.3650000000000001
NeuralTextures,resnet50,false_positive,47,0.046386,0.3650000000000001
NeuralTextures,resnet50,false_negative,59,0.077386,0.3650000000000001
NeuralTextures,xception,correct_real,333,0.030405,0.32499999999999996
NeuralTextures,xception,correct_fake,330,0.314846,0.32499999999999996
NeuralTextures,xception,false_positive,67,0.2518,0.32499999999999996
NeuralTextures,xception,false_negative,70,0.015538,0.32499999999999996
NeuralTextures,efficientnet_b0,correct_real,278,-0.028856,0.15375000000000005
NeuralTextures,efficientnet_b0,correct_fake,283,-0.084356,0.15375000000000005
NeuralTextures,efficientnet_b0,false_positive,122,-0.004646,0.15375000000000005
NeuralTextures,efficientnet_b0,false_negative,117,-0.047765,0.15375000000000005
NeuralTextures,mobilenetv2,correct_real,345,0.151453,0.36250000000000004
NeuralTextures,mobilenetv2,correct_fake,345,0.311403,0.36250000000000004
NeuralTextures,mobilenetv2,false_positive,55,0.359919,0.36250000000000004
NeuralTextures,mobilenetv2,false_negative,55,0.121445,0.36250000000000004
NeuralTextures,mesonet,correct_real,240,0.025791,0.0012499999999999734
NeuralTextures,mesonet,correct_fake,215,0.153419,0.0012499999999999734
NeuralTextures,mesonet,false_positive,160,-0.065547,0.0012499999999999734
NeuralTextures,mesonet,false_negative,185,-0.014573,0.0012499999999999734
NeuralTextures,vit,correct_real,366,-0.614894,0.3812500000000001
NeuralTextures,vit,correct_fake,341,-0.622279,0.3812500000000001
NeuralTextures,vit,false_positive,34,-1.604863,0.3812500000000001
NeuralTextures,vit,false_negative,59,-1.09643,0.3812500000000001
