Method,Model,FN_original,FN_Q30
Deepfakes,resnet18,25,325
Deepfakes,resnet50,24,356
Deepfakes,xception,45,217
Deepfakes,efficientnet_b0,80,217
Deepfakes,mobilenetv2,27,395
Deepfakes,mesonet,122,126
Deepfakes,vit,20,44
Face2Face,resnet18,32,365
Face2Face,resnet50,54,392
Face2Face,xception,38,267
Face2Face,efficientnet_b0,108,277
Face2Face,mobilenetv2,42,400
Face2Face,mesonet,173,187
Face2Face,vit,28,193
FaceShifter,resnet18,9,17
FaceShifter,resnet50,14,215
FaceShifter,xception,18,13
FaceShifter,efficientnet_b0,80,187
FaceShifter,mobilenetv2,20,99
FaceShifter,mesonet,98,161
FaceShifter,vit,14,30
FaceSwap,resnet18,48,297
FaceSwap,resnet50,42,261
FaceSwap,xception,58,216
FaceSwap,efficientnet_b0,116,296
FaceSwap,mobilenetv2,52,372
FaceSwap,mesonet,154,163
FaceSwap,vit,30,90
NeuralTextures,resnet18,57,397
NeuralTextures,resnet50,59,397
NeuralTextures,xception,70,395
NeuralTextures,efficientnet_b0,117,300
NeuralTextures,mobilenetv2,55,400
NeuralTextures,mesonet,185,198
NeuralTextures,vit,59,398
