Method,Model,Case,entropy_increase,accuracy_drop
Deepfakes,resnet18,correct_real,-0.029605999999999355,0.36250000000000004
Deepfakes,resnet18,correct_fake,0.09058799999999856,0.36250000000000004
Deepfakes,resnet18,false_positive,0.16403700000000043,0.36250000000000004
Deepfakes,resnet18,false_negative,-0.04520400000000002,0.36250000000000004
Deepfakes,resnet50,correct_real,0.059370000000001255,0.39749999999999996
Deepfakes,resnet50,correct_fake,-0.11199599999999954,0.39749999999999996
Deepfakes,resnet50,false_positive,0.04124999999999979,0.39749999999999996
Deepfakes,resnet50,false_negative,0.15413799999999966,0.39749999999999996
Deepfakes,xception,correct_real,0.013025999999999982,0.1987500000000001
Deepfakes,xception,correct_fake,0.04013200000000161,0.1987500000000001
Deepfakes,xception,false_positive,0.25033899999999853,0.1987500000000001
Deepfakes,xception,false_negative,-0.0797119999999989,0.1987500000000001
Deepfakes,efficientnet_b0,correct_real,0.01563600000000065,0.18999999999999995
Deepfakes,efficientnet_b0,correct_fake,0.08405700000000138,0.18999999999999995
Deepfakes,efficientnet_b0,false_positive,0.1815610000000003,0.18999999999999995
Deepfakes,efficientnet_b0,false_negative,0.10723899999999986,0.18999999999999995
Deepfakes,mobilenetv2,correct_real,0.11781500000000023,0.4375
Deepfakes,mobilenetv2,correct_fake,0.3937059999999999,0.4375
Deepfakes,mobilenetv2,false_positive,0.39193299999999986,0.4375
Deepfakes,mobilenetv2,false_negative,0.16167699999999918,0.4375
Deepfakes,mesonet,correct_real,0.005744999999999223,0.008750000000000036
Deepfakes,mesonet,correct_fake,0.02734899999999918,0.008750000000000036
Deepfakes,mesonet,false_positive,-0.05525399999999969,0.008750000000000036
Deepfakes,mesonet,false_negative,-0.0014050000000001006,0.008750000000000036
Deepfakes,vit,correct_real,-0.08695099999999911,0.03874999999999995
Deepfakes,vit,correct_fake,0.11002399999999923,0.03874999999999995
Deepfakes,vit,false_positive,0.0028129999999997324,0.03874999999999995
Deepfakes,vit,false_negative,-0.1696580000000001,0.03874999999999995
Face2Face,resnet18,correct_real,0.024906999999998902,0.37875000000000003
Face2Face,resnet18,correct_fake,-0.1554739999999999,0.37875000000000003
Face2Face,resnet18,false_positive,0.009375999999999607,0.37875000000000003
Face2Face,resnet18,false_negative,0.08397199999999927,0.37875000000000003
Face2Face,resnet50,correct_real,0.03385300000000058,0.40625
Face2Face,resnet50,correct_fake,0.11285999999999952,0.40625
Face2Face,resnet50,false_positive,0.048758999999998665,0.40625
Face2Face,resnet50,false_negative,-0.071847,0.40625
Face2Face,xception,correct_real,-0.004699000000000453,0.24249999999999994
Face2Face,xception,correct_fake,0.10649500000000067,0.24249999999999994
Face2Face,xception,false_positive,0.29963099999999976,0.24249999999999994
Face2Face,xception,false_negative,-0.06943799999999989,0.24249999999999994
Face2Face,efficientnet_b0,correct_real,-0.019581999999999766,0.14625
Face2Face,efficientnet_b0,correct_fake,-0.057479999999999976,0.14625
Face2Face,efficientnet_b0,false_positive,-0.020621000000000222,0.14625
Face2Face,efficientnet_b0,false_negative,0.008112999999999815,0.14625
Face2Face,mobilenetv2,correct_real,0.11509299999999989,0.39249999999999996
Face2Face,mobilenetv2,correct_fake,0.27428200000000125,0.39249999999999996
Face2Face,mobilenetv2,false_positive,0.32097799999999843,0.39249999999999996
Face2Face,mobilenetv2,false_negative,0.11832700000000074,0.39249999999999996
Face2Face,mesonet,correct_real,0.04036400000000029,0.007500000000000062
Face2Face,mesonet,correct_fake,0.05519600000000047,0.007500000000000062
Face2Face,mesonet,false_positive,0.11438300000000012,0.007500000000000062
Face2Face,mesonet,false_negative,0.0340139999999991,0.007500000000000062
Face2Face,vit,correct_real,-0.26862299999999983,0.18874999999999997
Face2Face,vit,correct_fake,0.7722760000000015,0.18874999999999997
Face2Face,vit,false_positive,0.36345200000000055,0.18874999999999997
Face2Face,vit,false_negative,-0.24092699999999923,0.18874999999999997
FaceShifter,resnet18,correct_real,-0.11872600000000055,0.13874999999999993
FaceShifter,resnet18,correct_fake,-0.1255190000000006,0.13874999999999993
FaceShifter,resnet18,false_positive,-0.12295999999999907,0.13874999999999993
FaceShifter,resnet18,false_negative,-0.1032270000000004,0.13874999999999993
FaceShifter,resnet50,correct_real,0.019812999999999192,0.24249999999999994
FaceShifter,resnet50,correct_fake,0.06711400000000012,0.24249999999999994
FaceShifter,resnet50,false_positive,-0.0340480000000003,0.24249999999999994
FaceShifter,resnet50,false_negative,-0.051769000000000176,0.24249999999999994
FaceShifter,xception,correct_real,0.007003999999998456,0.15125
FaceShifter,xception,correct_fake,0.03252400000000044,0.15125
FaceShifter,xception,false_positive,0.02846599999999988,0.15125
FaceShifter,xception,false_negative,-0.0072270000000003165,0.15125
FaceShifter,efficientnet_b0,correct_real,0.008930000000001215,0.14249999999999996
FaceShifter,efficientnet_b0,correct_fake,-0.07089600000000118,0.14249999999999996
FaceShifter,efficientnet_b0,false_positive,-0.002831000000000472,0.14249999999999996
FaceShifter,efficientnet_b0,false_negative,0.13068300000000121,0.14249999999999996
FaceShifter,mobilenetv2,correct_real,-0.09190500000000057,0.13124999999999998
FaceShifter,mobilenetv2,correct_fake,-0.0843569999999989,0.13124999999999998
FaceShifter,mobilenetv2,false_positive,0.017834999999999823,0.13124999999999998
FaceShifter,mobilenetv2,false_negative,-0.07613899999999951,0.13124999999999998
FaceShifter,mesonet,correct_real,-0.13304199999999966,0.053749999999999964
FaceShifter,mesonet,correct_fake,0.0049740000000007,0.053749999999999964
FaceShifter,mesonet,false_positive,0.13009800000000027,0.053749999999999964
FaceShifter,mesonet,false_negative,-0.07996200000000009,0.053749999999999964
FaceShifter,vit,correct_real,0.6559170000000005,0.07374999999999998
FaceShifter,vit,correct_fake,0.07381400000000049,0.07374999999999998
FaceShifter,vit,false_positive,-0.1637390000000014,0.07374999999999998
FaceShifter,vit,false_negative,-0.03885300000000136,0.07374999999999998
FaceSwap,resnet18,correct_real,0.01687599999999989,0.3025000000000001
FaceSwap,resnet18,correct_fake,0.09341600000000128,0.3025000000000001
FaceSwap,resnet18,false_positive,0.47424400000000055,0.3025000000000001
FaceSwap,resnet18,false_negative,0.21307900000000046,0.3025000000000001
FaceSwap,resnet50,correct_real,0.0741859999999992,0.26750000000000007
FaceSwap,resnet50,correct_fake,0.0942349999999994,0.26750000000000007
FaceSwap,resnet50,false_positive,0.22439499999999946,0.26750000000000007
FaceSwap,resnet50,false_negative,0.13816199999999945,0.26750000000000007
FaceSwap,xception,correct_real,0.04894199999999849,0.16875000000000007
FaceSwap,xception,correct_fake,-0.09071100000000065,0.16875000000000007
FaceSwap,xception,false_positive,-0.19261200000000045,0.16875000000000007
FaceSwap,xception,false_negative,0.01854699999999987,0.16875000000000007
FaceSwap,efficientnet_b0,correct_real,0.025090999999999752,0.15749999999999997
FaceSwap,efficientnet_b0,correct_fake,-0.06538100000000036,0.15749999999999997
FaceSwap,efficientnet_b0,false_positive,-0.05388199999999976,0.15749999999999997
FaceSwap,efficientnet_b0,false_negative,0.18547599999999953,0.15749999999999997
FaceSwap,mobilenetv2,correct_real,0.039713000000000775,0.37625
FaceSwap,mobilenetv2,correct_fake,0.10901600000000045,0.37625
FaceSwap,mobilenetv2,false_positive,0.3465310000000006,0.37625
FaceSwap,mobilenetv2,false_negative,0.21782099999999893,0.37625
FaceSwap,mesonet,correct_real,0.0020769999999998845,0.00374999999999992
FaceSwap,mesonet,correct_fake,-0.03441300000000069,0.00374999999999992
FaceSwap,mesonet,false_positive,-0.0103169999999988,0.00374999999999992
FaceSwap,mesonet,false_negative,0.021875999999998896,0.00374999999999992
FaceSwap,vit,correct_real,-0.10553300000000121,0.07125000000000004
FaceSwap,vit,correct_fake,0.02415500000000037,0.07125000000000004
FaceSwap,vit,false_positive,0.35155399999999837,0.07125000000000004
FaceSwap,vit,false_negative,-0.1095839999999999,0.07125000000000004
NeuralTextures,resnet18,correct_real,0.11268299999999876,0.35875
NeuralTextures,resnet18,correct_fake,-0.21675699999999942,0.35875
NeuralTextures,resnet18,false_positive,0.033333999999999975,0.35875
NeuralTextures,resnet18,false_negative,0.12099599999999988,0.35875
NeuralTextures,resnet50,correct_real,0.06288400000000038,0.3650000000000001
NeuralTextures,resnet50,correct_fake,0.07134800000000041,0.3650000000000001
NeuralTextures,resnet50,false_positive,0.04638600000000004,0.3650000000000001
NeuralTextures,resnet50,false_negative,0.07738599999999884,0.3650000000000001
NeuralTextures,xception,correct_real,0.030405000000000015,0.32499999999999996
NeuralTextures,xception,correct_fake,0.3148459999999993,0.32499999999999996
NeuralTextures,xception,false_positive,0.25180000000000113,0.32499999999999996
NeuralTextures,xception,false_negative,0.015538000000001162,0.32499999999999996
NeuralTextures,efficientnet_b0,correct_real,-0.028855999999999327,0.15375000000000005
NeuralTextures,efficientnet_b0,correct_fake,-0.08435599999999965,0.15375000000000005
NeuralTextures,efficientnet_b0,false_positive,-0.004645999999999262,0.15375000000000005
NeuralTextures,efficientnet_b0,false_negative,-0.04776500000000006,0.15375000000000005
NeuralTextures,mobilenetv2,correct_real,0.15145300000000006,0.36250000000000004
NeuralTextures,mobilenetv2,correct_fake,0.3114030000000003,0.36250000000000004
NeuralTextures,mobilenetv2,false_positive,0.35991899999999966,0.36250000000000004
NeuralTextures,mobilenetv2,false_negative,0.12144500000000136,0.36250000000000004
NeuralTextures,mesonet,correct_real,0.025790999999999897,0.0012499999999999734
NeuralTextures,mesonet,correct_fake,0.15341899999999953,0.0012499999999999734
NeuralTextures,mesonet,false_positive,-0.06554700000000047,0.0012499999999999734
NeuralTextures,mesonet,false_negative,-0.014572999999998615,0.0012499999999999734
NeuralTextures,vit,correct_real,-0.6148939999999996,0.3812500000000001
NeuralTextures,vit,correct_fake,-0.6222790000000007,0.3812500000000001
NeuralTextures,vit,false_positive,-1.604863,0.3812500000000001
NeuralTextures,vit,false_negative,-1.0964300000000016,0.3812500000000001
