Method,Model,Case,N,original,q90,q70,q50,q30,entropy_increase_orig_to_q30
Deepfakes,resnet18,correct_real,390,10.421603,10.415233,10.405857,10.401045,10.391997,-0.029606
Deepfakes,resnet18,correct_fake,376,10.242157,10.227122,10.281458,10.306219,10.332745,0.090588
Deepfakes,resnet18,false_positive,10,10.24986,10.429834,10.412743,10.421424,10.413897,0.164037
Deepfakes,resnet18,false_negative,24,10.475269,10.478755,10.445853,10.435475,10.430065,-0.045204
Deepfakes,resnet50,correct_real,386,9.404627,9.414741,9.428693,9.443196,9.463997,0.05937
Deepfakes,resnet50,correct_fake,376,9.619976,9.604806,9.515799,9.495354,9.50798,-0.111996
Deepfakes,resnet50,false_positive,14,9.453927,9.567699,9.351369,9.400956,9.495177,0.04125
Deepfakes,resnet50,false_negative,24,9.459598,9.494664,9.53244,9.571896,9.613736,0.154138
Deepfakes,xception,correct_real,385,9.751133,9.749971,9.748673,9.752898,9.764159,0.013026
Deepfakes,xception,correct_fake,355,9.562297,9.510028,9.522488,9.567235,9.602429,0.040132
Deepfakes,xception,false_positive,15,9.473826,9.696225,9.923939,9.834372,9.724165,0.250339
Deepfakes,xception,false_negative,45,9.872703,9.829037,9.811945,9.795988,9.792991,-0.079712
Deepfakes,efficientnet_b0,correct_real,337,10.111293,10.106252,10.105167,10.129992,10.126929,0.015636
Deepfakes,efficientnet_b0,correct_fake,319,10.134132,10.152411,10.197742,10.19566,10.218189,0.084057
Deepfakes,efficientnet_b0,false_positive,63,10.074811,10.133062,10.17815,10.217772,10.256372,0.181561
Deepfakes,efficientnet_b0,false_negative,81,10.084773,10.092802,10.153422,10.158499,10.192012,0.107239
Deepfakes,mobilenetv2,correct_real,382,10.314822,10.341292,10.377686,10.407575,10.432637,0.117815
Deepfakes,mobilenetv2,correct_fake,373,10.052129,10.121372,10.282768,10.380881,10.445835,0.393706
Deepfakes,mobilenetv2,false_positive,18,10.005813,10.178847,10.266807,10.348557,10.397746,0.391933
Deepfakes,mobilenetv2,false_negative,27,10.322248,10.399581,10.422824,10.461144,10.483925,0.161677
Deepfakes,mesonet,correct_real,300,10.50426,10.504304,10.504038,10.510242,10.510005,0.005745
Deepfakes,mesonet,correct_fake,278,9.853856,9.886777,9.898814,9.88237,9.881205,0.027349
Deepfakes,mesonet,false_positive,100,9.989904,9.956803,9.924541,9.91441,9.93465,-0.055254
Deepfakes,mesonet,false_negative,122,10.547861,10.539156,10.540154,10.524751,10.546456,-0.001405
Deepfakes,vit,correct_real,395,9.409187,9.392521,9.335036,9.330702,9.322236,-0.086951
Deepfakes,vit,correct_fake,380,9.542419,9.54661,9.544256,9.578516,9.652443,0.110024
Deepfakes,vit,false_positive,5,10.24615,10.17287,10.257511,10.25271,10.248963,0.002813
Deepfakes,vit,false_negative,20,10.058592,10.020391,9.961205,9.829768,9.888934,-0.169658
Face2Face,resnet18,correct_real,370,10.276322,10.276088,10.27317,10.282542,10.301229,0.024907
Face2Face,resnet18,correct_fake,368,10.346541,10.323136,10.234935,10.147077,10.191067,-0.155474
Face2Face,resnet18,false_positive,30,10.232972,10.210898,10.140728,10.175091,10.242348,0.009376
Face2Face,resnet18,false_negative,32,10.243204,10.28685,10.270003,10.289552,10.327176,0.083972
Face2Face,resnet50,correct_real,387,9.44211,9.448753,9.457672,9.457536,9.475963,0.033853
Face2Face,resnet50,correct_fake,345,9.399167,9.408427,9.425606,9.492544,9.512027,0.11286
Face2Face,resnet50,false_positive,13,9.4227,9.484687,9.555869,9.459317,9.471459,0.048759
Face2Face,resnet50,false_negative,55,9.669976,9.613082,9.633087,9.592826,9.598129,-0.071847
Face2Face,xception,correct_real,360,9.671917,9.657094,9.653116,9.655283,9.667218,-0.004699
Face2Face,xception,correct_fake,362,9.492116,9.495195,9.480752,9.52445,9.598611,0.106495
Face2Face,xception,false_positive,40,9.344623,9.394758,9.578081,9.654857,9.644254,0.299631
Face2Face,xception,false_negative,38,9.805888,9.664211,9.757615,9.764993,9.73645,-0.069438
Face2Face,efficientnet_b0,correct_real,274,10.006317,10.035238,10.069461,10.077015,9.986735,-0.019582
Face2Face,efficientnet_b0,correct_fake,292,10.076818,10.077375,10.091639,10.061647,10.019338,-0.05748
Face2Face,efficientnet_b0,false_positive,126,10.079782,10.060128,10.028033,10.048372,10.059161,-0.020621
Face2Face,efficientnet_b0,false_negative,108,9.979588,10.011914,10.05078,10.021799,9.987701,0.008113
Face2Face,mobilenetv2,correct_real,356,10.327053,10.34986,10.401134,10.426796,10.442146,0.115093
Face2Face,mobilenetv2,correct_fake,358,10.155076,10.109498,10.254421,10.386944,10.429358,0.274282
Face2Face,mobilenetv2,false_positive,44,10.130674,10.253123,10.356585,10.423139,10.451652,0.320978
Face2Face,mobilenetv2,false_negative,42,10.356841,10.38697,10.448775,10.470194,10.475168,0.118327
Face2Face,mesonet,correct_real,234,10.261898,10.278716,10.271268,10.272893,10.302262,0.040364
Face2Face,mesonet,correct_fake,227,8.894965,8.942831,8.899743,8.810683,8.950161,0.055196
Face2Face,mesonet,false_positive,166,9.052338,9.038565,9.030073,9.118089,9.166721,0.114383
Face2Face,mesonet,false_negative,173,10.227275,10.239152,10.254656,10.262098,10.261289,0.034014
Face2Face,vit,correct_real,377,9.588294,9.580955,9.465547,9.366208,9.319671,-0.268623
Face2Face,vit,correct_fake,372,8.705108,8.746843,8.94097,9.146688,9.477384,0.772276
Face2Face,vit,false_positive,23,9.625679,9.538893,9.544024,10.107124,9.989131,0.363452
Face2Face,vit,false_negative,28,10.05735,10.083733,10.059041,9.918426,9.816423,-0.240927
FaceShifter,resnet18,correct_real,352,10.260367,10.246938,10.210966,10.170917,10.141641,-0.118726
FaceShifter,resnet18,correct_fake,391,10.340199,10.332755,10.309025,10.281304,10.21468,-0.125519
FaceShifter,resnet18,false_positive,48,10.247572,10.24356,10.21121,10.227223,10.124612,-0.12296
FaceShifter,resnet18,false_negative,9,10.232113,10.201404,10.166231,10.178881,10.128886,-0.103227
FaceShifter,resnet50,correct_real,378,9.596216,9.591856,9.601604,9.605171,9.616029,0.019813
FaceShifter,resnet50,correct_fake,386,9.531698,9.559739,9.57523,9.558634,9.598812,0.067114
FaceShifter,resnet50,false_positive,22,9.647731,9.662764,9.656806,9.603715,9.613683,-0.034048
FaceShifter,resnet50,false_negative,14,9.771858,9.749994,9.752706,9.782706,9.720089,-0.051769
FaceShifter,xception,correct_real,357,9.632027,9.632311,9.621628,9.627871,9.639031,0.007004
FaceShifter,xception,correct_fake,382,9.682025,9.688878,9.70036,9.712615,9.714549,0.032524
FaceShifter,xception,false_positive,43,9.636433,9.645327,9.659889,9.680482,9.664899,0.028466
FaceShifter,xception,false_negative,18,9.609333,9.600546,9.632835,9.629674,9.602106,-0.007227
FaceShifter,efficientnet_b0,correct_real,317,10.009953,9.996768,10.067302,10.08117,10.018883,0.00893
FaceShifter,efficientnet_b0,correct_fake,321,10.09589,10.127286,10.101181,10.053264,10.024994,-0.070896
FaceShifter,efficientnet_b0,false_positive,83,9.995284,9.986787,10.084894,10.03134,9.992453,-0.002831
FaceShifter,efficientnet_b0,false_negative,79,9.905375,9.933664,10.072812,10.032505,10.036058,0.130683
FaceShifter,mobilenetv2,correct_real,378,10.31605,10.312112,10.296396,10.278291,10.224145,-0.091905
FaceShifter,mobilenetv2,correct_fake,379,10.196964,10.189421,10.156517,10.125611,10.112607,-0.084357
FaceShifter,mobilenetv2,false_positive,22,10.144767,10.176318,10.187868,10.230676,10.162602,0.017835
FaceShifter,mobilenetv2,false_negative,21,10.325948,10.340642,10.327303,10.325251,10.249809,-0.076139
FaceShifter,mesonet,correct_real,281,9.824192,9.762733,9.755569,9.739472,9.69115,-0.133042
FaceShifter,mesonet,correct_fake,302,10.682174,10.675544,10.6564,10.691292,10.687148,0.004974
FaceShifter,mesonet,false_positive,119,10.195151,10.275292,10.27295,10.379646,10.325249,0.130098
FaceShifter,mesonet,false_negative,98,10.557313,10.549045,10.516103,10.484296,10.477351,-0.079962
FaceShifter,vit,correct_real,394,8.796968,8.687714,9.019837,9.23702,9.452885,0.655917
FaceShifter,vit,correct_fake,386,9.748085,9.846044,9.813844,9.78486,9.821899,0.073814
FaceShifter,vit,false_positive,6,10.075615,10.091705,10.066715,9.744817,9.911876,-0.163739
FaceShifter,vit,false_negative,14,9.786656,9.561206,9.708644,9.544532,9.747803,-0.038853
FaceSwap,resnet18,correct_real,392,10.468724,10.46364,10.459308,10.467146,10.4856,0.016876
FaceSwap,resnet18,correct_fake,352,10.135898,10.129532,10.099238,10.108119,10.229314,0.093416
FaceSwap,resnet18,false_positive,8,9.904587,10.038466,10.239275,10.224069,10.378831,0.474244
FaceSwap,resnet18,false_negative,48,10.295194,10.377461,10.44073,10.463807,10.508273,0.213079
FaceSwap,resnet50,correct_real,387,9.487747,9.481341,9.508031,9.526008,9.561933,0.074186
FaceSwap,resnet50,correct_fake,358,9.39023,9.405252,9.376179,9.379668,9.484465,0.094235
FaceSwap,resnet50,false_positive,13,9.392407,9.443457,9.440891,9.322834,9.616802,0.224395
FaceSwap,resnet50,false_negative,42,9.470162,9.522638,9.545185,9.629955,9.608324,0.138162
FaceSwap,xception,correct_real,377,9.555713,9.558951,9.581292,9.590411,9.604655,0.048942
FaceSwap,xception,correct_fake,342,9.71751,9.714959,9.700527,9.663554,9.626799,-0.090711
FaceSwap,xception,false_positive,23,9.690175,9.662753,9.513774,9.604098,9.497563,-0.192612
FaceSwap,xception,false_negative,58,9.548201,9.574092,9.551768,9.600156,9.566748,0.018547
FaceSwap,efficientnet_b0,correct_real,293,10.015888,10.034834,10.106139,10.115346,10.040979,0.025091
FaceSwap,efficientnet_b0,correct_fake,284,10.098462,10.093918,10.086109,10.096898,10.033081,-0.065381
FaceSwap,efficientnet_b0,false_positive,107,10.093307,10.095605,10.093141,10.045928,10.039425,-0.053882
FaceSwap,efficientnet_b0,false_negative,116,9.944703,10.018256,10.084824,10.098937,10.130179,0.185476
FaceSwap,mobilenetv2,correct_real,381,10.335538,10.331988,10.347572,10.362016,10.375251,0.039713
FaceSwap,mobilenetv2,correct_fake,348,10.170772,10.153547,10.102843,10.129191,10.279788,0.109016
FaceSwap,mobilenetv2,false_positive,19,10.000575,10.037371,10.066787,10.22068,10.347106,0.346531
FaceSwap,mobilenetv2,false_negative,52,10.172344,10.185996,10.316385,10.376313,10.390165,0.217821
FaceSwap,mesonet,correct_real,193,10.276871,10.275616,10.290305,10.282005,10.278948,0.002077
FaceSwap,mesonet,correct_fake,246,9.966108,9.96165,9.946674,9.968732,9.931695,-0.034413
FaceSwap,mesonet,false_positive,207,9.92278,9.906094,9.927771,9.918131,9.912463,-0.010317
FaceSwap,mesonet,false_negative,154,10.263785,10.273964,10.283051,10.297833,10.285661,0.021876
FaceSwap,vit,correct_real,389,9.28428,9.29601,9.224196,9.181159,9.178747,-0.105533
FaceSwap,vit,correct_fake,370,9.032116,9.022172,9.015967,9.033184,9.056271,0.024155
FaceSwap,vit,false_positive,11,9.117762,9.096941,9.092158,9.277567,9.469316,0.351554
FaceSwap,vit,false_negative,30,9.699053,9.739627,9.83557,9.728096,9.589469,-0.109584
NeuralTextures,resnet18,correct_real,345,10.046594,10.057955,10.097173,10.129771,10.159277,0.112683
NeuralTextures,resnet18,correct_fake,343,10.344391,10.203769,10.012887,10.07633,10.127634,-0.216757
NeuralTextures,resnet18,false_positive,55,10.099262,10.055417,10.061554,10.094046,10.132596,0.033334
NeuralTextures,resnet18,false_negative,57,10.032617,10.051624,10.098338,10.132163,10.153613,0.120996
NeuralTextures,resnet50,correct_real,353,9.686824,9.682419,9.705252,9.72154,9.749708,0.062884
NeuralTextures,resnet50,correct_fake,341,9.677512,9.667027,9.675231,9.712058,9.74886,0.071348
NeuralTextures,resnet50,false_positive,47,9.652978,9.662814,9.654827,9.660912,9.699364,0.046386
NeuralTextures,resnet50,false_negative,59,9.733164,9.730796,9.74733,9.763831,9.81055,0.077386
NeuralTextures,xception,correct_real,333,9.686132,9.682016,9.691257,9.70267,9.716537,0.030405
NeuralTextures,xception,correct_fake,330,9.395288,9.424419,9.588749,9.685466,9.710134,0.314846
NeuralTextures,xception,false_positive,67,9.444754,9.52194,9.652694,9.674323,9.696554,0.2518
NeuralTextures,xception,false_negative,70,9.710422,9.700337,9.696553,9.707227,9.72596,0.015538
NeuralTextures,efficientnet_b0,correct_real,278,10.01591,10.045005,10.076194,10.087604,9.987054,-0.028856
NeuralTextures,efficientnet_b0,correct_fake,283,10.065939,10.09086,10.056719,10.032044,9.981583,-0.084356
NeuralTextures,efficientnet_b0,false_positive,122,9.992531,10.001169,10.005222,10.003466,9.987885,-0.004646
NeuralTextures,efficientnet_b0,false_negative,117,10.053755,10.121814,10.13422,10.024882,10.00599,-0.047765
NeuralTextures,mobilenetv2,correct_real,345,10.3368,10.367026,10.432642,10.462059,10.488253,0.151453
NeuralTextures,mobilenetv2,correct_fake,345,10.17358,10.275353,10.426133,10.452969,10.484983,0.311403
NeuralTextures,mobilenetv2,false_positive,55,10.105128,10.260329,10.404387,10.439772,10.465047,0.359919
NeuralTextures,mobilenetv2,false_negative,55,10.366086,10.392751,10.436134,10.45997,10.487531,0.121445
NeuralTextures,mesonet,correct_real,240,9.687389,9.663685,9.722053,9.721138,9.71318,0.025791
NeuralTextures,mesonet,correct_fake,215,8.680339,8.714424,8.650871,8.697005,8.833758,0.153419
NeuralTextures,mesonet,false_positive,160,8.968012,8.915518,8.854992,8.98138,8.902465,-0.065547
NeuralTextures,mesonet,false_negative,185,9.706862,9.738666,9.710599,9.7062,9.692289,-0.014573
NeuralTextures,vit,correct_real,366,8.399804,8.343057,7.979864,7.829811,7.78491,-0.614894
NeuralTextures,vit,correct_fake,341,8.922878,9.295845,9.241382,8.673981,8.300599,-0.622279
NeuralTextures,vit,false_positive,34,9.522653,9.306541,8.697717,8.246785,7.91779,-1.604863
NeuralTextures,vit,false_negative,59,9.411758,9.217961,8.548199,8.302458,8.315328,-1.09643
