Method,Model,CRS,Baseline_Accuracy,Baseline_AUC,Q30_AUC,Meets_Baseline_Floor,Adjusted_CRS,Utility_Score
Deepfakes,resnet18,0.7941,0.9563,0.9932,0.913,True,0.7941,0.7887
Deepfakes,resnet50,0.7776,0.9525,0.9885,0.8123,True,0.7776,0.7686
Deepfakes,xception,0.8936,0.925,0.9812,0.9137,True,0.8936,0.8768
Deepfakes,efficientnet_b0,0.887,0.8187,0.9111,0.7037,True,0.887,0.8082
Deepfakes,mobilenetv2,0.6705,0.9437,0.9878,0.8332,True,0.6705,0.6623
Deepfakes,mesonet,0.9931,0.7225,0.7912,0.7883,True,0.9931,0.7857
Deepfakes,vit,0.9835,0.9688,0.9969,0.9877,True,0.9835,0.9805
Face2Face,resnet18,0.8113,0.9225,0.9792,0.8666,True,0.8113,0.7944
Face2Face,resnet50,0.7503,0.9163,0.9818,0.7214,True,0.7503,0.7367
Face2Face,xception,0.8889,0.9025,0.9653,0.8604,True,0.8889,0.858
Face2Face,efficientnet_b0,0.8896,0.7075,0.7928,0.6323,True,0.8896,0.7052
Face2Face,mobilenetv2,0.6908,0.8925,0.9613,0.7158,True,0.6908,0.6641
Face2Face,mesonet,0.9951,0.5763,0.6166,0.6133,False,,0.6136
Face2Face,vit,0.9126,0.9363,0.9794,0.9406,True,0.9126,0.8938
FaceShifter,resnet18,0.928,0.9287,0.9808,0.9283,True,0.928,0.9102
FaceShifter,resnet50,0.8757,0.955,0.9891,0.886,True,0.8757,0.8661
FaceShifter,xception,0.9104,0.9237,0.9727,0.9184,True,0.9104,0.8855
FaceShifter,efficientnet_b0,0.9235,0.7963,0.8736,0.7286,True,0.9235,0.8067
FaceShifter,mobilenetv2,0.9159,0.9475,0.9847,0.8991,True,0.9159,0.9019
FaceShifter,mesonet,0.964,0.7288,0.799,0.7741,True,0.964,0.7702
FaceShifter,vit,0.9625,0.975,0.9958,0.9612,True,0.9625,0.9585
FaceSwap,resnet18,0.8535,0.93,0.9754,0.9152,True,0.8535,0.8325
FaceSwap,resnet50,0.8577,0.9313,0.9793,0.8426,True,0.8577,0.84
FaceSwap,xception,0.9263,0.8988,0.9591,0.897,True,0.9263,0.8884
FaceSwap,efficientnet_b0,0.8917,0.7212,0.7838,0.6255,True,0.8917,0.6989
FaceSwap,mobilenetv2,0.8134,0.9113,0.9698,0.8601,True,0.8134,0.7889
FaceSwap,mesonet,0.9943,0.5487,0.5722,0.5738,False,,0.5689
FaceSwap,vit,0.9654,0.9487,0.9817,0.9607,True,0.9654,0.9478
NeuralTextures,resnet18,0.6984,0.86,0.9192,0.6045,True,0.6984,0.6419
NeuralTextures,resnet50,0.7151,0.8675,0.9289,0.5976,True,0.7151,0.6642
NeuralTextures,xception,0.7594,0.8287,0.9039,0.6294,True,0.7594,0.6865
NeuralTextures,efficientnet_b0,0.8507,0.7013,0.7678,0.5563,True,0.8507,0.6532
NeuralTextures,mobilenetv2,0.6576,0.8625,0.9306,0.5314,True,0.6576,0.612
NeuralTextures,mesonet,1.0022,0.5687,0.5944,0.5856,False,,0.5957
NeuralTextures,vit,0.7143,0.8838,0.9526,0.7709,True,0.7143,0.6804
